C:\Users\kauls\Documents\Self-Driving-Car\Udacity_VM\share\pictures\image_1506550112894954919.jpg,red
C:\Users\kauls\Documents\Self-Driving-Car\Udacity_VM\share\pictures\image_1506550112977741956.jpg,red
C:\Users\kauls\Documents\Self-Driving-Car\Udacity_VM\share\pictures\image_1506550113032061100.jpg,red
C:\Users\kauls\Documents\Self-Driving-Car\Udacity_VM\share\pictures\image_1506550113113152027.jpg,red
C:\Users\kauls\Documents\Self-Driving-Car\Udacity_VM\share\pictures\image_1506550113175882101.jpg,red
C:\Users\kauls\Documents\Self-Driving-Car\Udacity_VM\share\pictures\image_1506550113241976022.jpg,red
C:\Users\kauls\Documents\Self-Driving-Car\Udacity_VM\share\pictures\image_1506550113316862106.jpg,red
C:\Users\kauls\Documents\Self-Driving-Car\Udacity_VM\share\pictures\image_1506550113379091024.jpg,red
C:\Users\kauls\Documents\Self-Driving-Car\Udacity_VM\share\pictures\image_1506550113443490028.jpg,red
C:\Users\kauls\Documents\Self-Driving-Car\Udacity_VM\share\pictures\image_1506550113526537895.jpg,red
C:\Users\kauls\Documents\Self-Driving-Car\Udacity_VM\share\pictures\image_1506550113574331045.jpg,red
C:\Users\kauls\Documents\Self-Driving-Car\Udacity_VM\share\pictures\image_1506550113645503044.jpg,red
C:\Users\kauls\Documents\Self-Driving-Car\Udacity_VM\share\pictures\image_1506550113713641881.jpg,red
C:\Users\kauls\Documents\Self-Driving-Car\Udacity_VM\share\pictures\image_1506550113775445938.jpg,red
C:\Users\kauls\Documents\Self-Driving-Car\Udacity_VM\share\pictures\image_1506550113835724115.jpg,red
C:\Users\kauls\Documents\Self-Driving-Car\Udacity_VM\share\pictures\image_1506550113916620969.jpg,red
C:\Users\kauls\Documents\Self-Driving-Car\Udacity_VM\share\pictures\image_1506550113990251064.jpg,red
C:\Users\kauls\Documents\Self-Driving-Car\Udacity_VM\share\pictures\image_1506550114054600954.jpg,red
C:\Users\kauls\Documents\Self-Driving-Car\Udacity_VM\share\pictures\image_1506550114110965967.jpg,red
C:\Users\kauls\Documents\Self-Driving-Car\Udacity_VM\share\pictures\image_1506550114178287982.jpg,red
C:\Users\kauls\Documents\Self-Driving-Car\Udacity_VM\share\pictures\image_1506550114269794940.jpg,red
C:\Users\kauls\Documents\Self-Driving-Car\Udacity_VM\share\pictures\image_1506550114333865880.jpg,red
C:\Users\kauls\Documents\Self-Driving-Car\Udacity_VM\share\pictures\image_1506550114398086071.jpg,red
C:\Users\kauls\Documents\Self-Driving-Car\Udacity_VM\share\pictures\image_1506550114465698957.jpg,red
C:\Users\kauls\Documents\Self-Driving-Car\Udacity_VM\share\pictures\image_1506550114523437976.jpg,red
C:\Users\kauls\Documents\Self-Driving-Car\Udacity_VM\share\pictures\image_1506550114584352970.jpg,red
C:\Users\kauls\Documents\Self-Driving-Car\Udacity_VM\share\pictures\image_1506550114656073093.jpg,red
C:\Users\kauls\Documents\Self-Driving-Car\Udacity_VM\share\pictures\image_1506550114723683118.jpg,red
C:\Users\kauls\Documents\Self-Driving-Car\Udacity_VM\share\pictures\image_1506550114794342041.jpg,red
C:\Users\kauls\Documents\Self-Driving-Car\Udacity_VM\share\pictures\image_1506550114863168001.jpg,red
C:\Users\kauls\Documents\Self-Driving-Car\Udacity_VM\share\pictures\image_1506550114928834915.jpg,red
C:\Users\kauls\Documents\Self-Driving-Car\Udacity_VM\share\pictures\image_1506550115005165100.jpg,red
C:\Users\kauls\Documents\Self-Driving-Car\Udacity_VM\share\pictures\image_1506550115067779064.jpg,red
C:\Users\kauls\Documents\Self-Driving-Car\Udacity_VM\share\pictures\image_1506550115135380983.jpg,red
C:\Users\kauls\Documents\Self-Driving-Car\Udacity_VM\share\pictures\image_1506550115204787969.jpg,red
C:\Users\kauls\Documents\Self-Driving-Car\Udacity_VM\share\pictures\image_1506550115270198106.jpg,red
C:\Users\kauls\Documents\Self-Driving-Car\Udacity_VM\share\pictures\image_1506550115332195043.jpg,red
C:\Users\kauls\Documents\Self-Driving-Car\Udacity_VM\share\pictures\image_1506550115391820907.jpg,red
C:\Users\kauls\Documents\Self-Driving-Car\Udacity_VM\share\pictures\image_1506550115465862035.jpg,red
C:\Users\kauls\Documents\Self-Driving-Car\Udacity_VM\share\pictures\image_1506550115533281087.jpg,red
C:\Users\kauls\Documents\Self-Driving-Car\Udacity_VM\share\pictures\image_1506550115595845937.jpg,red
C:\Users\kauls\Documents\Self-Driving-Car\Udacity_VM\share\pictures\image_1506550115683311939.jpg,red
C:\Users\kauls\Documents\Self-Driving-Car\Udacity_VM\share\pictures\image_1506550115735758066.jpg,red
C:\Users\kauls\Documents\Self-Driving-Car\Udacity_VM\share\pictures\image_1506550115791294097.jpg,red
C:\Users\kauls\Documents\Self-Driving-Car\Udacity_VM\share\pictures\image_1506550115862533092.jpg,red
C:\Users\kauls\Documents\Self-Driving-Car\Udacity_VM\share\pictures\image_1506550115935754060.jpg,red
C:\Users\kauls\Documents\Self-Driving-Car\Udacity_VM\share\pictures\image_1506550115993139028.jpg,red
C:\Users\kauls\Documents\Self-Driving-Car\Udacity_VM\share\pictures\image_1506550116070471048.jpg,red
C:\Users\kauls\Documents\Self-Driving-Car\Udacity_VM\share\pictures\image_1506550116127633094.jpg,red
C:\Users\kauls\Documents\Self-Driving-Car\Udacity_VM\share\pictures\image_1506550116194611072.jpg,red
C:\Users\kauls\Documents\Self-Driving-Car\Udacity_VM\share\pictures\image_1506550116276917934.jpg,red
C:\Users\kauls\Documents\Self-Driving-Car\Udacity_VM\share\pictures\image_1506550116337409019.jpg,red
C:\Users\kauls\Documents\Self-Driving-Car\Udacity_VM\share\pictures\image_1506550116388838052.jpg,red
C:\Users\kauls\Documents\Self-Driving-Car\Udacity_VM\share\pictures\image_1506550116469611883.jpg,red
C:\Users\kauls\Documents\Self-Driving-Car\Udacity_VM\share\pictures\image_1506550116539397954.jpg,red
C:\Users\kauls\Documents\Self-Driving-Car\Udacity_VM\share\pictures\image_1506550116612298011.jpg,red
C:\Users\kauls\Documents\Self-Driving-Car\Udacity_VM\share\pictures\image_1506550116682836055.jpg,red
C:\Users\kauls\Documents\Self-Driving-Car\Udacity_VM\share\pictures\image_1506550116746279954.jpg,red
C:\Users\kauls\Documents\Self-Driving-Car\Udacity_VM\share\pictures\image_1506550116815345048.jpg,red
C:\Users\kauls\Documents\Self-Driving-Car\Udacity_VM\share\pictures\image_1506550116883682012.jpg,red
C:\Users\kauls\Documents\Self-Driving-Car\Udacity_VM\share\pictures\image_1506550116968636989.jpg,red
C:\Users\kauls\Documents\Self-Driving-Car\Udacity_VM\share\pictures\image_1506550117046149015.jpg,red
C:\Users\kauls\Documents\Self-Driving-Car\Udacity_VM\share\pictures\image_1506550117119787931.jpg,red
C:\Users\kauls\Documents\Self-Driving-Car\Udacity_VM\share\pictures\image_1506550117195024967.jpg,red
C:\Users\kauls\Documents\Self-Driving-Car\Udacity_VM\share\pictures\image_1506550117261518001.jpg,red
C:\Users\kauls\Documents\Self-Driving-Car\Udacity_VM\share\pictures\image_1506550117339960098.jpg,red
C:\Users\kauls\Documents\Self-Driving-Car\Udacity_VM\share\pictures\image_1506550117408051967.jpg,red
C:\Users\kauls\Documents\Self-Driving-Car\Udacity_VM\share\pictures\image_1506550117467137098.jpg,red
C:\Users\kauls\Documents\Self-Driving-Car\Udacity_VM\share\pictures\image_1506550117551136016.jpg,red
C:\Users\kauls\Documents\Self-Driving-Car\Udacity_VM\share\pictures\image_1506550117629355907.jpg,red
C:\Users\kauls\Documents\Self-Driving-Car\Udacity_VM\share\pictures\image_1506550117686739921.jpg,red
C:\Users\kauls\Documents\Self-Driving-Car\Udacity_VM\share\pictures\image_1506550117754898071.jpg,red
C:\Users\kauls\Documents\Self-Driving-Car\Udacity_VM\share\pictures\image_1506550117810280084.jpg,red
C:\Users\kauls\Documents\Self-Driving-Car\Udacity_VM\share\pictures\image_1506550117869170904.jpg,red
C:\Users\kauls\Documents\Self-Driving-Car\Udacity_VM\share\pictures\image_1506550117952775955.jpg,red
C:\Users\kauls\Documents\Self-Driving-Car\Udacity_VM\share\pictures\image_1506550118002988100.jpg,red
C:\Users\kauls\Documents\Self-Driving-Car\Udacity_VM\share\pictures\image_1506550118076457977.jpg,red
C:\Users\kauls\Documents\Self-Driving-Car\Udacity_VM\share\pictures\image_1506550118137839078.jpg,red
C:\Users\kauls\Documents\Self-Driving-Car\Udacity_VM\share\pictures\image_1506550118201548099.jpg,red
C:\Users\kauls\Documents\Self-Driving-Car\Udacity_VM\share\pictures\image_1506550118277817010.jpg,red
C:\Users\kauls\Documents\Self-Driving-Car\Udacity_VM\share\pictures\image_1506550118359051942.jpg,red
C:\Users\kauls\Documents\Self-Driving-Car\Udacity_VM\share\pictures\image_1506550118425504922.jpg,red
C:\Users\kauls\Documents\Self-Driving-Car\Udacity_VM\share\pictures\image_1506550118497566938.jpg,red
C:\Users\kauls\Documents\Self-Driving-Car\Udacity_VM\share\pictures\image_1506550118572572946.jpg,red
C:\Users\kauls\Documents\Self-Driving-Car\Udacity_VM\share\pictures\image_1506550118654630899.jpg,red
C:\Users\kauls\Documents\Self-Driving-Car\Udacity_VM\share\pictures\image_1506550118711543083.jpg,red
C:\Users\kauls\Documents\Self-Driving-Car\Udacity_VM\share\pictures\image_1506550118774444103.jpg,red
C:\Users\kauls\Documents\Self-Driving-Car\Udacity_VM\share\pictures\image_1506550118858158111.jpg,red
C:\Users\kauls\Documents\Self-Driving-Car\Udacity_VM\share\pictures\image_1506550118921585083.jpg,red
C:\Users\kauls\Documents\Self-Driving-Car\Udacity_VM\share\pictures\image_1506550118995206117.jpg,red
C:\Users\kauls\Documents\Self-Driving-Car\Udacity_VM\share\pictures\image_1506550119061490058.jpg,red
C:\Users\kauls\Documents\Self-Driving-Car\Udacity_VM\share\pictures\image_1506550119126821041.jpg,red
C:\Users\kauls\Documents\Self-Driving-Car\Udacity_VM\share\pictures\image_1506550119195596933.jpg,red
C:\Users\kauls\Documents\Self-Driving-Car\Udacity_VM\share\pictures\image_1506550119260323047.jpg,red
C:\Users\kauls\Documents\Self-Driving-Car\Udacity_VM\share\pictures\image_1506550119327589988.jpg,red
C:\Users\kauls\Documents\Self-Driving-Car\Udacity_VM\share\pictures\image_1506550119396900892.jpg,red
C:\Users\kauls\Documents\Self-Driving-Car\Udacity_VM\share\pictures\image_1506550119460303068.jpg,red
C:\Users\kauls\Documents\Self-Driving-Car\Udacity_VM\share\pictures\image_1506550119525541067.jpg,red
C:\Users\kauls\Documents\Self-Driving-Car\Udacity_VM\share\pictures\image_1506550119595880985.jpg,red
C:\Users\kauls\Documents\Self-Driving-Car\Udacity_VM\share\pictures\image_1506550119665163040.jpg,red
C:\Users\kauls\Documents\Self-Driving-Car\Udacity_VM\share\pictures\image_1506550119733712911.jpg,red
C:\Users\kauls\Documents\Self-Driving-Car\Udacity_VM\share\pictures\image_1506550119806543111.jpg,red
C:\Users\kauls\Documents\Self-Driving-Car\Udacity_VM\share\pictures\image_1506550119859918117.jpg,red
C:\Users\kauls\Documents\Self-Driving-Car\Udacity_VM\share\pictures\image_1506550119935103893.jpg,red
C:\Users\kauls\Documents\Self-Driving-Car\Udacity_VM\share\pictures\image_1506550120004757881.jpg,red
C:\Users\kauls\Documents\Self-Driving-Car\Udacity_VM\share\pictures\image_1506550120067374944.jpg,green
C:\Users\kauls\Documents\Self-Driving-Car\Udacity_VM\share\pictures\image_1506550120128253936.jpg,green
C:\Users\kauls\Documents\Self-Driving-Car\Udacity_VM\share\pictures\image_1506550120202142953.jpg,green
C:\Users\kauls\Documents\Self-Driving-Car\Udacity_VM\share\pictures\image_1506550120286461114.jpg,green
C:\Users\kauls\Documents\Self-Driving-Car\Udacity_VM\share\pictures\image_1506550120352947950.jpg,green
C:\Users\kauls\Documents\Self-Driving-Car\Udacity_VM\share\pictures\image_1506550120406939029.jpg,green
C:\Users\kauls\Documents\Self-Driving-Car\Udacity_VM\share\pictures\image_1506550137960985898.jpg,red
C:\Users\kauls\Documents\Self-Driving-Car\Udacity_VM\share\pictures\image_1506550138040909051.jpg,red
C:\Users\kauls\Documents\Self-Driving-Car\Udacity_VM\share\pictures\image_1506550138109714984.jpg,red
C:\Users\kauls\Documents\Self-Driving-Car\Udacity_VM\share\pictures\image_1506550138177005052.jpg,red
C:\Users\kauls\Documents\Self-Driving-Car\Udacity_VM\share\pictures\image_1506550138244492053.jpg,red
C:\Users\kauls\Documents\Self-Driving-Car\Udacity_VM\share\pictures\image_1506550138301013946.jpg,red
C:\Users\kauls\Documents\Self-Driving-Car\Udacity_VM\share\pictures\image_1506550138372030019.jpg,red
C:\Users\kauls\Documents\Self-Driving-Car\Udacity_VM\share\pictures\image_1506550138448230981.jpg,red
C:\Users\kauls\Documents\Self-Driving-Car\Udacity_VM\share\pictures\image_1506550138511925935.jpg,red
C:\Users\kauls\Documents\Self-Driving-Car\Udacity_VM\share\pictures\image_1506550138587405920.jpg,red
C:\Users\kauls\Documents\Self-Driving-Car\Udacity_VM\share\pictures\image_1506550138654567956.jpg,red
C:\Users\kauls\Documents\Self-Driving-Car\Udacity_VM\share\pictures\image_1506550138725620031.jpg,red
C:\Users\kauls\Documents\Self-Driving-Car\Udacity_VM\share\pictures\image_1506550138803083896.jpg,red
C:\Users\kauls\Documents\Self-Driving-Car\Udacity_VM\share\pictures\image_1506550138862785100.jpg,red
C:\Users\kauls\Documents\Self-Driving-Car\Udacity_VM\share\pictures\image_1506550138930881977.jpg,red
C:\Users\kauls\Documents\Self-Driving-Car\Udacity_VM\share\pictures\image_1506550139001429080.jpg,red
C:\Users\kauls\Documents\Self-Driving-Car\Udacity_VM\share\pictures\image_1506550139072772979.jpg,red
C:\Users\kauls\Documents\Self-Driving-Car\Udacity_VM\share\pictures\image_1506550139131844997.jpg,red
C:\Users\kauls\Documents\Self-Driving-Car\Udacity_VM\share\pictures\image_1506550139204021930.jpg,red
C:\Users\kauls\Documents\Self-Driving-Car\Udacity_VM\share\pictures\image_1506550139277985095.jpg,red
C:\Users\kauls\Documents\Self-Driving-Car\Udacity_VM\share\pictures\image_1506550139338555097.jpg,red
C:\Users\kauls\Documents\Self-Driving-Car\Udacity_VM\share\pictures\image_1506550139419435024.jpg,red
C:\Users\kauls\Documents\Self-Driving-Car\Udacity_VM\share\pictures\image_1506550139479552030.jpg,red
C:\Users\kauls\Documents\Self-Driving-Car\Udacity_VM\share\pictures\image_1506550139559802055.jpg,red
C:\Users\kauls\Documents\Self-Driving-Car\Udacity_VM\share\pictures\image_1506550139630080938.jpg,red
C:\Users\kauls\Documents\Self-Driving-Car\Udacity_VM\share\pictures\image_1506550139698268890.jpg,red
C:\Users\kauls\Documents\Self-Driving-Car\Udacity_VM\share\pictures\image_1506550139769481897.jpg,red
C:\Users\kauls\Documents\Self-Driving-Car\Udacity_VM\share\pictures\image_1506550139833570003.jpg,red
C:\Users\kauls\Documents\Self-Driving-Car\Udacity_VM\share\pictures\image_1506550139900821924.jpg,red
C:\Users\kauls\Documents\Self-Driving-Car\Udacity_VM\share\pictures\image_1506550139978046894.jpg,red
C:\Users\kauls\Documents\Self-Driving-Car\Udacity_VM\share\pictures\image_1506550140045696020.jpg,red
C:\Users\kauls\Documents\Self-Driving-Car\Udacity_VM\share\pictures\image_1506550140097315073.jpg,red
C:\Users\kauls\Documents\Self-Driving-Car\Udacity_VM\share\pictures\image_1506550140164426088.jpg,red
C:\Users\kauls\Documents\Self-Driving-Car\Udacity_VM\share\pictures\image_1506550140222526073.jpg,red
C:\Users\kauls\Documents\Self-Driving-Car\Udacity_VM\share\pictures\image_1506550140296838045.jpg,red
C:\Users\kauls\Documents\Self-Driving-Car\Udacity_VM\share\pictures\image_1506550140363759994.jpg,red
C:\Users\kauls\Documents\Self-Driving-Car\Udacity_VM\share\pictures\image_1506550140412524938.jpg,red
C:\Users\kauls\Documents\Self-Driving-Car\Udacity_VM\share\pictures\image_1506550140493117094.jpg,red
C:\Users\kauls\Documents\Self-Driving-Car\Udacity_VM\share\pictures\image_1506550140550832033.jpg,red
C:\Users\kauls\Documents\Self-Driving-Car\Udacity_VM\share\pictures\image_1506550140630439043.jpg,green
C:\Users\kauls\Documents\Self-Driving-Car\Udacity_VM\share\pictures\image_1506550140697083950.jpg,green
C:\Users\kauls\Documents\Self-Driving-Car\Udacity_VM\share\pictures\image_1506550140756892919.jpg,green
C:\Users\kauls\Documents\Self-Driving-Car\Udacity_VM\share\pictures\image_1506550140841360092.jpg,green
C:\Users\kauls\Documents\Self-Driving-Car\Udacity_VM\share\pictures\image_1506550140908714056.jpg,green
C:\Users\kauls\Documents\Self-Driving-Car\Udacity_VM\share\pictures\image_1506550140980887889.jpg,green
C:\Users\kauls\Documents\Self-Driving-Car\Udacity_VM\share\pictures\image_1506550141043654918.jpg,green
C:\Users\kauls\Documents\Self-Driving-Car\Udacity_VM\share\pictures\image_1506550141112881898.jpg,green
C:\Users\kauls\Documents\Self-Driving-Car\Udacity_VM\share\pictures\image_1506550141184026002.jpg,green
C:\Users\kauls\Documents\Self-Driving-Car\Udacity_VM\share\pictures\image_1506550141238604068.jpg,green
C:\Users\kauls\Documents\Self-Driving-Car\Udacity_VM\share\pictures\image_1506550141299392938.jpg,green
C:\Users\kauls\Documents\Self-Driving-Car\Udacity_VM\share\pictures\image_1506550141353188991.jpg,green
C:\Users\kauls\Documents\Self-Driving-Car\Udacity_VM\share\pictures\image_1506550141439534902.jpg,green
C:\Users\kauls\Documents\Self-Driving-Car\Udacity_VM\share\pictures\image_1506550141517646074.jpg,green
C:\Users\kauls\Documents\Self-Driving-Car\Udacity_VM\share\pictures\image_1506550141578075885.jpg,green
C:\Users\kauls\Documents\Self-Driving-Car\Udacity_VM\share\pictures\image_1506550141641141891.jpg,green
C:\Users\kauls\Documents\Self-Driving-Car\Udacity_VM\share\pictures\image_1506550141701775074.jpg,green
C:\Users\kauls\Documents\Self-Driving-Car\Udacity_VM\share\pictures\image_1506550141789405107.jpg,green
C:\Users\kauls\Documents\Self-Driving-Car\Udacity_VM\share\pictures\image_1506550141849450111.jpg,green
C:\Users\kauls\Documents\Self-Driving-Car\Udacity_VM\share\pictures\image_1506550141906145095.jpg,green
C:\Users\kauls\Documents\Self-Driving-Car\Udacity_VM\share\pictures\image_1506550141976793050.jpg,green
C:\Users\kauls\Documents\Self-Driving-Car\Udacity_VM\share\pictures\image_1506550142050679922.jpg,green
C:\Users\kauls\Documents\Self-Driving-Car\Udacity_VM\share\pictures\image_1506550142119566917.jpg,green
C:\Users\kauls\Documents\Self-Driving-Car\Udacity_VM\share\pictures\image_1506550142177978992.jpg,green
C:\Users\kauls\Documents\Self-Driving-Car\Udacity_VM\share\pictures\image_1506550142245579004.jpg,green
C:\Users\kauls\Documents\Self-Driving-Car\Udacity_VM\share\pictures\image_1506550142321166992.jpg,green
C:\Users\kauls\Documents\Self-Driving-Car\Udacity_VM\share\pictures\image_1506550142379172086.jpg,green
C:\Users\kauls\Documents\Self-Driving-Car\Udacity_VM\share\pictures\image_1506550142460679054.jpg,green
C:\Users\kauls\Documents\Self-Driving-Car\Udacity_VM\share\pictures\image_1506550142522973060.jpg,green
C:\Users\kauls\Documents\Self-Driving-Car\Udacity_VM\share\pictures\image_1506550142576828002.jpg,green
C:\Users\kauls\Documents\Self-Driving-Car\Udacity_VM\share\pictures\image_1506550142654774904.jpg,green
C:\Users\kauls\Documents\Self-Driving-Car\Udacity_VM\share\pictures\image_1506550142738559007.jpg,green
C:\Users\kauls\Documents\Self-Driving-Car\Udacity_VM\share\pictures\image_1506550142806246995.jpg,green
C:\Users\kauls\Documents\Self-Driving-Car\Udacity_VM\share\pictures\image_1506550142890692949.jpg,green
C:\Users\kauls\Documents\Self-Driving-Car\Udacity_VM\share\pictures\image_1506550142945513963.jpg,green
C:\Users\kauls\Documents\Self-Driving-Car\Udacity_VM\share\pictures\image_1506550143027494907.jpg,green
C:\Users\kauls\Documents\Self-Driving-Car\Udacity_VM\share\pictures\image_1506550143094031095.jpg,green
C:\Users\kauls\Documents\Self-Driving-Car\Udacity_VM\share\pictures\image_1506550143141726970.jpg,green
C:\Users\kauls\Documents\Self-Driving-Car\Udacity_VM\share\pictures\image_1506550143216646909.jpg,green
C:\Users\kauls\Documents\Self-Driving-Car\Udacity_VM\share\pictures\image_1506550143293363094.jpg,green
C:\Users\kauls\Documents\Self-Driving-Car\Udacity_VM\share\pictures\image_1506550161632683992.jpg,green
C:\Users\kauls\Documents\Self-Driving-Car\Udacity_VM\share\pictures\image_1506550161712843894.jpg,green
C:\Users\kauls\Documents\Self-Driving-Car\Udacity_VM\share\pictures\image_1506550161776779890.jpg,green
C:\Users\kauls\Documents\Self-Driving-Car\Udacity_VM\share\pictures\image_1506550161860230922.jpg,green
C:\Users\kauls\Documents\Self-Driving-Car\Udacity_VM\share\pictures\image_1506550161928658008.jpg,green
C:\Users\kauls\Documents\Self-Driving-Car\Udacity_VM\share\pictures\image_1506550162001791954.jpg,green
C:\Users\kauls\Documents\Self-Driving-Car\Udacity_VM\share\pictures\image_1506550162065787076.jpg,green
C:\Users\kauls\Documents\Self-Driving-Car\Udacity_VM\share\pictures\image_1506550162129853963.jpg,green
C:\Users\kauls\Documents\Self-Driving-Car\Udacity_VM\share\pictures\image_1506550162204006910.jpg,green
C:\Users\kauls\Documents\Self-Driving-Car\Udacity_VM\share\pictures\image_1506550162261065959.jpg,green
C:\Users\kauls\Documents\Self-Driving-Car\Udacity_VM\share\pictures\image_1506550162328300952.jpg,green
C:\Users\kauls\Documents\Self-Driving-Car\Udacity_VM\share\pictures\image_1506550162406843900.jpg,green
C:\Users\kauls\Documents\Self-Driving-Car\Udacity_VM\share\pictures\image_1506550162461143016.jpg,green
C:\Users\kauls\Documents\Self-Driving-Car\Udacity_VM\share\pictures\image_1506550162528970003.jpg,green
C:\Users\kauls\Documents\Self-Driving-Car\Udacity_VM\share\pictures\image_1506550162619816064.jpg,green
C:\Users\kauls\Documents\Self-Driving-Car\Udacity_VM\share\pictures\image_1506550162673343896.jpg,green
C:\Users\kauls\Documents\Self-Driving-Car\Udacity_VM\share\pictures\image_1506550162840487957.jpg,green
C:\Users\kauls\Documents\Self-Driving-Car\Udacity_VM\share\pictures\image_1506550162913872003.jpg,green
C:\Users\kauls\Documents\Self-Driving-Car\Udacity_VM\share\pictures\image_1506550162983124971.jpg,green
C:\Users\kauls\Documents\Self-Driving-Car\Udacity_VM\share\pictures\image_1506550163048459053.jpg,green
C:\Users\kauls\Documents\Self-Driving-Car\Udacity_VM\share\pictures\image_1506550163116581916.jpg,green
C:\Users\kauls\Documents\Self-Driving-Car\Udacity_VM\share\pictures\image_1506550163190836906.jpg,green
C:\Users\kauls\Documents\Self-Driving-Car\Udacity_VM\share\pictures\image_1506550163264520883.jpg,green
C:\Users\kauls\Documents\Self-Driving-Car\Udacity_VM\share\pictures\image_1506550163326215982.jpg,green
C:\Users\kauls\Documents\Self-Driving-Car\Udacity_VM\share\pictures\image_1506550163371540069.jpg,green
C:\Users\kauls\Documents\Self-Driving-Car\Udacity_VM\share\pictures\image_1506550163444493055.jpg,green
C:\Users\kauls\Documents\Self-Driving-Car\Udacity_VM\share\pictures\image_1506550163520483016.jpg,green
C:\Users\kauls\Documents\Self-Driving-Car\Udacity_VM\share\pictures\image_1506550163586597919.jpg,green
C:\Users\kauls\Documents\Self-Driving-Car\Udacity_VM\share\pictures\image_1506550163665584087.jpg,green
C:\Users\kauls\Documents\Self-Driving-Car\Udacity_VM\share\pictures\image_1506550163735804080.jpg,green
C:\Users\kauls\Documents\Self-Driving-Car\Udacity_VM\share\pictures\image_1506550163807284116.jpg,green
C:\Users\kauls\Documents\Self-Driving-Car\Udacity_VM\share\pictures\image_1506550163889307022.jpg,green
C:\Users\kauls\Documents\Self-Driving-Car\Udacity_VM\share\pictures\image_1506550163963609933.jpg,green
C:\Users\kauls\Documents\Self-Driving-Car\Udacity_VM\share\pictures\image_1506550164028673887.jpg,green
C:\Users\kauls\Documents\Self-Driving-Car\Udacity_VM\share\pictures\image_1506550164110409975.jpg,green
C:\Users\kauls\Documents\Self-Driving-Car\Udacity_VM\share\pictures\image_1506550164183430910.jpg,green
C:\Users\kauls\Documents\Self-Driving-Car\Udacity_VM\share\pictures\image_1506550164255753993.jpg,green
C:\Users\kauls\Documents\Self-Driving-Car\Udacity_VM\share\pictures\image_1506550164312133073.jpg,green
C:\Users\kauls\Documents\Self-Driving-Car\Udacity_VM\share\pictures\image_1506550164369983911.jpg,green
C:\Users\kauls\Documents\Self-Driving-Car\Udacity_VM\share\pictures\image_1506550164437768936.jpg,green
C:\Users\kauls\Documents\Self-Driving-Car\Udacity_VM\share\pictures\image_1506550164514348983.jpg,green
C:\Users\kauls\Documents\Self-Driving-Car\Udacity_VM\share\pictures\image_1506550164576383113.jpg,green
C:\Users\kauls\Documents\Self-Driving-Car\Udacity_VM\share\pictures\image_1506550164637984037.jpg,green
C:\Users\kauls\Documents\Self-Driving-Car\Udacity_VM\share\pictures\image_1506550164708074092.jpg,green
C:\Users\kauls\Documents\Self-Driving-Car\Udacity_VM\share\pictures\image_1506550164780507087.jpg,green
C:\Users\kauls\Documents\Self-Driving-Car\Udacity_VM\share\pictures\image_1506550164842684984.jpg,green
C:\Users\kauls\Documents\Self-Driving-Car\Udacity_VM\share\pictures\image_1506550164914186954.jpg,green
C:\Users\kauls\Documents\Self-Driving-Car\Udacity_VM\share\pictures\image_1506550164963953018.jpg,green
C:\Users\kauls\Documents\Self-Driving-Car\Udacity_VM\share\pictures\image_1506550165045265913.jpg,green
C:\Users\kauls\Documents\Self-Driving-Car\Udacity_VM\share\pictures\image_1506550165119199037.jpg,green
C:\Users\kauls\Documents\Self-Driving-Car\Udacity_VM\share\pictures\image_1506550165178461074.jpg,green
C:\Users\kauls\Documents\Self-Driving-Car\Udacity_VM\share\pictures\image_1506550165240183115.jpg,green
C:\Users\kauls\Documents\Self-Driving-Car\Udacity_VM\share\pictures\image_1506550165315104007.jpg,green
C:\Users\kauls\Documents\Self-Driving-Car\Udacity_VM\share\pictures\image_1506550165376326084.jpg,green
C:\Users\kauls\Documents\Self-Driving-Car\Udacity_VM\share\pictures\image_1506550165432276964.jpg,green
C:\Users\kauls\Documents\Self-Driving-Car\Udacity_VM\share\pictures\image_1506550165517554998.jpg,green
C:\Users\kauls\Documents\Self-Driving-Car\Udacity_VM\share\pictures\image_1506550165576765060.jpg,green
C:\Users\kauls\Documents\Self-Driving-Car\Udacity_VM\share\pictures\image_1506550165649982929.jpg,green
C:\Users\kauls\Documents\Self-Driving-Car\Udacity_VM\share\pictures\image_1506550165730300903.jpg,green
C:\Users\kauls\Documents\Self-Driving-Car\Udacity_VM\share\pictures\image_1506550165795542001.jpg,green
C:\Users\kauls\Documents\Self-Driving-Car\Udacity_VM\share\pictures\image_1506550165862409114.jpg,green
C:\Users\kauls\Documents\Self-Driving-Car\Udacity_VM\share\pictures\image_1506550165929750919.jpg,green
C:\Users\kauls\Documents\Self-Driving-Car\Udacity_VM\share\pictures\image_1506550166005744934.jpg,green
C:\Users\kauls\Documents\Self-Driving-Car\Udacity_VM\share\pictures\image_1506550166099447011.jpg,green
C:\Users\kauls\Documents\Self-Driving-Car\Udacity_VM\share\pictures\image_1506550166163067102.jpg,green
C:\Users\kauls\Documents\Self-Driving-Car\Udacity_VM\share\pictures\image_1506550166232594966.jpg,green
C:\Users\kauls\Documents\Self-Driving-Car\Udacity_VM\share\pictures\image_1506550166306832075.jpg,green
C:\Users\kauls\Documents\Self-Driving-Car\Udacity_VM\share\pictures\image_1506550166374696969.jpg,green
C:\Users\kauls\Documents\Self-Driving-Car\Udacity_VM\share\pictures\image_1506550189577569007.jpg,red
C:\Users\kauls\Documents\Self-Driving-Car\Udacity_VM\share\pictures\image_1506550189649718999.jpg,red
C:\Users\kauls\Documents\Self-Driving-Car\Udacity_VM\share\pictures\image_1506550189709436893.jpg,red
C:\Users\kauls\Documents\Self-Driving-Car\Udacity_VM\share\pictures\image_1506550189788063049.jpg,red
C:\Users\kauls\Documents\Self-Driving-Car\Udacity_VM\share\pictures\image_1506550189863101959.jpg,red
C:\Users\kauls\Documents\Self-Driving-Car\Udacity_VM\share\pictures\image_1506550189918811082.jpg,red
C:\Users\kauls\Documents\Self-Driving-Car\Udacity_VM\share\pictures\image_1506550189986934900.jpg,red
C:\Users\kauls\Documents\Self-Driving-Car\Udacity_VM\share\pictures\image_1506550190050250053.jpg,red
C:\Users\kauls\Documents\Self-Driving-Car\Udacity_VM\share\pictures\image_1506550190113847970.jpg,red
C:\Users\kauls\Documents\Self-Driving-Car\Udacity_VM\share\pictures\image_1506550190204231023.jpg,red
C:\Users\kauls\Documents\Self-Driving-Car\Udacity_VM\share\pictures\image_1506550190265809059.jpg,red
C:\Users\kauls\Documents\Self-Driving-Car\Udacity_VM\share\pictures\image_1506550190332041025.jpg,red
C:\Users\kauls\Documents\Self-Driving-Car\Udacity_VM\share\pictures\image_1506550190397834062.jpg,red
C:\Users\kauls\Documents\Self-Driving-Car\Udacity_VM\share\pictures\image_1506550190459500074.jpg,red
C:\Users\kauls\Documents\Self-Driving-Car\Udacity_VM\share\pictures\image_1506550190525044918.jpg,red
C:\Users\kauls\Documents\Self-Driving-Car\Udacity_VM\share\pictures\image_1506550190585568904.jpg,red
C:\Users\kauls\Documents\Self-Driving-Car\Udacity_VM\share\pictures\image_1506550190668131113.jpg,red
C:\Users\kauls\Documents\Self-Driving-Car\Udacity_VM\share\pictures\image_1506550190740892887.jpg,red
C:\Users\kauls\Documents\Self-Driving-Car\Udacity_VM\share\pictures\image_1506550190797992944.jpg,red
C:\Users\kauls\Documents\Self-Driving-Car\Udacity_VM\share\pictures\image_1506550190868530988.jpg,red
C:\Users\kauls\Documents\Self-Driving-Car\Udacity_VM\share\pictures\image_1506550190927633047.jpg,red
C:\Users\kauls\Documents\Self-Driving-Car\Udacity_VM\share\pictures\image_1506550191008538961.jpg,red
C:\Users\kauls\Documents\Self-Driving-Car\Udacity_VM\share\pictures\image_1506550191073659896.jpg,red
C:\Users\kauls\Documents\Self-Driving-Car\Udacity_VM\share\pictures\image_1506550191151699066.jpg,red
C:\Users\kauls\Documents\Self-Driving-Car\Udacity_VM\share\pictures\image_1506550191204885959.jpg,red
C:\Users\kauls\Documents\Self-Driving-Car\Udacity_VM\share\pictures\image_1506550191277414083.jpg,red
C:\Users\kauls\Documents\Self-Driving-Car\Udacity_VM\share\pictures\image_1506550191373251914.jpg,red
C:\Users\kauls\Documents\Self-Driving-Car\Udacity_VM\share\pictures\image_1506550191451325893.jpg,red
C:\Users\kauls\Documents\Self-Driving-Car\Udacity_VM\share\pictures\image_1506550191508898973.jpg,red
C:\Users\kauls\Documents\Self-Driving-Car\Udacity_VM\share\pictures\image_1506550191570950031.jpg,red
C:\Users\kauls\Documents\Self-Driving-Car\Udacity_VM\share\pictures\image_1506550191658287048.jpg,red
C:\Users\kauls\Documents\Self-Driving-Car\Udacity_VM\share\pictures\image_1506550191714464902.jpg,red
C:\Users\kauls\Documents\Self-Driving-Car\Udacity_VM\share\pictures\image_1506550191781919002.jpg,red
C:\Users\kauls\Documents\Self-Driving-Car\Udacity_VM\share\pictures\image_1506550191853986024.jpg,red
C:\Users\kauls\Documents\Self-Driving-Car\Udacity_VM\share\pictures\image_1506550191919504880.jpg,red
C:\Users\kauls\Documents\Self-Driving-Car\Udacity_VM\share\pictures\image_1506550191975056886.jpg,red
C:\Users\kauls\Documents\Self-Driving-Car\Udacity_VM\share\pictures\image_1506550192048558950.jpg,red
C:\Users\kauls\Documents\Self-Driving-Car\Udacity_VM\share\pictures\image_1506550192105175971.jpg,red
C:\Users\kauls\Documents\Self-Driving-Car\Udacity_VM\share\pictures\image_1506550192175335884.jpg,red
C:\Users\kauls\Documents\Self-Driving-Car\Udacity_VM\share\pictures\image_1506550192243259906.jpg,red
C:\Users\kauls\Documents\Self-Driving-Car\Udacity_VM\share\pictures\image_1506550192310592889.jpg,red
C:\Users\kauls\Documents\Self-Driving-Car\Udacity_VM\share\pictures\image_1506550192380956888.jpg,red
C:\Users\kauls\Documents\Self-Driving-Car\Udacity_VM\share\pictures\image_1506550192445852994.jpg,red
C:\Users\kauls\Documents\Self-Driving-Car\Udacity_VM\share\pictures\image_1506550192522772073.jpg,red
C:\Users\kauls\Documents\Self-Driving-Car\Udacity_VM\share\pictures\image_1506550192586097955.jpg,red
C:\Users\kauls\Documents\Self-Driving-Car\Udacity_VM\share\pictures\image_1506550192653883934.jpg,red
C:\Users\kauls\Documents\Self-Driving-Car\Udacity_VM\share\pictures\image_1506550192708849906.jpg,red
C:\Users\kauls\Documents\Self-Driving-Car\Udacity_VM\share\pictures\image_1506550192780354976.jpg,red
C:\Users\kauls\Documents\Self-Driving-Car\Udacity_VM\share\pictures\image_1506550192862253904.jpg,red
C:\Users\kauls\Documents\Self-Driving-Car\Udacity_VM\share\pictures\image_1506550192936736106.jpg,red
C:\Users\kauls\Documents\Self-Driving-Car\Udacity_VM\share\pictures\image_1506550192989557981.jpg,red
C:\Users\kauls\Documents\Self-Driving-Car\Udacity_VM\share\pictures\image_1506550193064275979.jpg,red
C:\Users\kauls\Documents\Self-Driving-Car\Udacity_VM\share\pictures\image_1506550193138178110.jpg,red
C:\Users\kauls\Documents\Self-Driving-Car\Udacity_VM\share\pictures\image_1506550193222163915.jpg,red
C:\Users\kauls\Documents\Self-Driving-Car\Udacity_VM\share\pictures\image_1506550193280044078.jpg,red
C:\Users\kauls\Documents\Self-Driving-Car\Udacity_VM\share\pictures\image_1506550193344978094.jpg,red
C:\Users\kauls\Documents\Self-Driving-Car\Udacity_VM\share\pictures\image_1506550193415055990.jpg,red
C:\Users\kauls\Documents\Self-Driving-Car\Udacity_VM\share\pictures\image_1506550193498142004.jpg,red
C:\Users\kauls\Documents\Self-Driving-Car\Udacity_VM\share\pictures\image_1506550193560688972.jpg,red
C:\Users\kauls\Documents\Self-Driving-Car\Udacity_VM\share\pictures\image_1506550193624309062.jpg,red
C:\Users\kauls\Documents\Self-Driving-Car\Udacity_VM\share\pictures\image_1506550193713798999.jpg,red
C:\Users\kauls\Documents\Self-Driving-Car\Udacity_VM\share\pictures\image_1506550193790805101.jpg,red
C:\Users\kauls\Documents\Self-Driving-Car\Udacity_VM\share\pictures\image_1506550193861171007.jpg,red
C:\Users\kauls\Documents\Self-Driving-Car\Udacity_VM\share\pictures\image_1506550193936788082.jpg,red
C:\Users\kauls\Documents\Self-Driving-Car\Udacity_VM\share\pictures\image_1506550193986874103.jpg,red
C:\Users\kauls\Documents\Self-Driving-Car\Udacity_VM\share\pictures\image_1506550194073748111.jpg,red
C:\Users\kauls\Documents\Self-Driving-Car\Udacity_VM\share\pictures\image_1506550194132822036.jpg,red
C:\Users\kauls\Documents\Self-Driving-Car\Udacity_VM\share\pictures\image_1506550194212248086.jpg,red
C:\Users\kauls\Documents\Self-Driving-Car\Udacity_VM\share\pictures\image_1506550194278281927.jpg,red
C:\Users\kauls\Documents\Self-Driving-Car\Udacity_VM\share\pictures\image_1506550194342950105.jpg,red
C:\Users\kauls\Documents\Self-Driving-Car\Udacity_VM\share\pictures\image_1506550194428745031.jpg,red
C:\Users\kauls\Documents\Self-Driving-Car\Udacity_VM\share\pictures\image_1506550194480551004.jpg,red
C:\Users\kauls\Documents\Self-Driving-Car\Udacity_VM\share\pictures\image_1506550194532778024.jpg,red
C:\Users\kauls\Documents\Self-Driving-Car\Udacity_VM\share\pictures\image_1506550194614975929.jpg,red
C:\Users\kauls\Documents\Self-Driving-Car\Udacity_VM\share\pictures\image_1506550194681771039.jpg,red
C:\Users\kauls\Documents\Self-Driving-Car\Udacity_VM\share\pictures\image_1506550194755287885.jpg,red
C:\Users\kauls\Documents\Self-Driving-Car\Udacity_VM\share\pictures\image_1506550194837064981.jpg,red
C:\Users\kauls\Documents\Self-Driving-Car\Udacity_VM\share\pictures\image_1506550194893512010.jpg,red
C:\Users\kauls\Documents\Self-Driving-Car\Udacity_VM\share\pictures\image_1506550194947886943.jpg,red
C:\Users\kauls\Documents\Self-Driving-Car\Udacity_VM\share\pictures\image_1506550195038665056.jpg,red
C:\Users\kauls\Documents\Self-Driving-Car\Udacity_VM\share\pictures\image_1506550195125485897.jpg,red
C:\Users\kauls\Documents\Self-Driving-Car\Udacity_VM\share\pictures\image_1506550195182796955.jpg,red
C:\Users\kauls\Documents\Self-Driving-Car\Udacity_VM\share\pictures\image_1506550195244431972.jpg,red
C:\Users\kauls\Documents\Self-Driving-Car\Udacity_VM\share\pictures\image_1506550195319823026.jpg,red
C:\Users\kauls\Documents\Self-Driving-Car\Udacity_VM\share\pictures\image_1506550195384507894.jpg,red
C:\Users\kauls\Documents\Self-Driving-Car\Udacity_VM\share\pictures\image_1506550195453735113.jpg,red
C:\Users\kauls\Documents\Self-Driving-Car\Udacity_VM\share\pictures\image_1506550195509481906.jpg,red
C:\Users\kauls\Documents\Self-Driving-Car\Udacity_VM\share\pictures\image_1506550195586652994.jpg,red
C:\Users\kauls\Documents\Self-Driving-Car\Udacity_VM\share\pictures\image_1506550195659192085.jpg,red
C:\Users\kauls\Documents\Self-Driving-Car\Udacity_VM\share\pictures\image_1506550195723891019.jpg,red
C:\Users\kauls\Documents\Self-Driving-Car\Udacity_VM\share\pictures\image_1506550195789562940.jpg,red
C:\Users\kauls\Documents\Self-Driving-Car\Udacity_VM\share\pictures\image_1506550195859424114.jpg,red
C:\Users\kauls\Documents\Self-Driving-Car\Udacity_VM\share\pictures\image_1506550195918154954.jpg,red
C:\Users\kauls\Documents\Self-Driving-Car\Udacity_VM\share\pictures\image_1506550195989799976.jpg,red
C:\Users\kauls\Documents\Self-Driving-Car\Udacity_VM\share\pictures\image_1506550196042443037.jpg,red
C:\Users\kauls\Documents\Self-Driving-Car\Udacity_VM\share\pictures\image_1506550196134849071.jpg,red
C:\Users\kauls\Documents\Self-Driving-Car\Udacity_VM\share\pictures\image_1506550196201503992.jpg,red
C:\Users\kauls\Documents\Self-Driving-Car\Udacity_VM\share\pictures\image_1506550196251996040.jpg,red
C:\Users\kauls\Documents\Self-Driving-Car\Udacity_VM\share\pictures\image_1506550196334258079.jpg,red
C:\Users\kauls\Documents\Self-Driving-Car\Udacity_VM\share\pictures\image_1506550196412040948.jpg,red
C:\Users\kauls\Documents\Self-Driving-Car\Udacity_VM\share\pictures\image_1506550196485960006.jpg,red
C:\Users\kauls\Documents\Self-Driving-Car\Udacity_VM\share\pictures\image_1506550196555764913.jpg,red
C:\Users\kauls\Documents\Self-Driving-Car\Udacity_VM\share\pictures\image_1506550196649774074.jpg,red
C:\Users\kauls\Documents\Self-Driving-Car\Udacity_VM\share\pictures\image_1506550196719088077.jpg,red
C:\Users\kauls\Documents\Self-Driving-Car\Udacity_VM\share\pictures\image_1506550196795264005.jpg,green
C:\Users\kauls\Documents\Self-Driving-Car\Udacity_VM\share\pictures\image_1506550196855593919.jpg,green
C:\Users\kauls\Documents\Self-Driving-Car\Udacity_VM\share\pictures\image_1506550196917254924.jpg,green
C:\Users\kauls\Documents\Self-Driving-Car\Udacity_VM\share\pictures\image_1506550197002001047.jpg,green
C:\Users\kauls\Documents\Self-Driving-Car\Udacity_VM\share\pictures\image_1506550197063438892.jpg,green
C:\Users\kauls\Documents\Self-Driving-Car\Udacity_VM\share\pictures\image_1506550197131968021.jpg,green
C:\Users\kauls\Documents\Self-Driving-Car\Udacity_VM\share\pictures\image_1506550214650921106.jpg,red
C:\Users\kauls\Documents\Self-Driving-Car\Udacity_VM\share\pictures\image_1506550214725100040.jpg,red
C:\Users\kauls\Documents\Self-Driving-Car\Udacity_VM\share\pictures\image_1506550214789773941.jpg,red
C:\Users\kauls\Documents\Self-Driving-Car\Udacity_VM\share\pictures\image_1506550214857932090.jpg,red
C:\Users\kauls\Documents\Self-Driving-Car\Udacity_VM\share\pictures\image_1506550214934079885.jpg,red
C:\Users\kauls\Documents\Self-Driving-Car\Udacity_VM\share\pictures\image_1506550214994045019.jpg,red
C:\Users\kauls\Documents\Self-Driving-Car\Udacity_VM\share\pictures\image_1506550215064738035.jpg,red
C:\Users\kauls\Documents\Self-Driving-Car\Udacity_VM\share\pictures\image_1506550215149944067.jpg,red
C:\Users\kauls\Documents\Self-Driving-Car\Udacity_VM\share\pictures\image_1506550215211060047.jpg,red
C:\Users\kauls\Documents\Self-Driving-Car\Udacity_VM\share\pictures\image_1506550215291666030.jpg,red
C:\Users\kauls\Documents\Self-Driving-Car\Udacity_VM\share\pictures\image_1506550215342037916.jpg,red
C:\Users\kauls\Documents\Self-Driving-Car\Udacity_VM\share\pictures\image_1506550215416727066.jpg,red
C:\Users\kauls\Documents\Self-Driving-Car\Udacity_VM\share\pictures\image_1506550215504575967.jpg,red
C:\Users\kauls\Documents\Self-Driving-Car\Udacity_VM\share\pictures\image_1506550215575844049.jpg,red
C:\Users\kauls\Documents\Self-Driving-Car\Udacity_VM\share\pictures\image_1506550215643297910.jpg,red
C:\Users\kauls\Documents\Self-Driving-Car\Udacity_VM\share\pictures\image_1506550215722282886.jpg,red
C:\Users\kauls\Documents\Self-Driving-Car\Udacity_VM\share\pictures\image_1506550215790585994.jpg,red
C:\Users\kauls\Documents\Self-Driving-Car\Udacity_VM\share\pictures\image_1506550215852665901.jpg,red
C:\Users\kauls\Documents\Self-Driving-Car\Udacity_VM\share\pictures\image_1506550215917668104.jpg,red
C:\Users\kauls\Documents\Self-Driving-Car\Udacity_VM\share\pictures\image_1506550215984126091.jpg,red
C:\Users\kauls\Documents\Self-Driving-Car\Udacity_VM\share\pictures\image_1506550216050698041.jpg,red
C:\Users\kauls\Documents\Self-Driving-Car\Udacity_VM\share\pictures\image_1506550216118854999.jpg,red
C:\Users\kauls\Documents\Self-Driving-Car\Udacity_VM\share\pictures\image_1506550216181807041.jpg,red
C:\Users\kauls\Documents\Self-Driving-Car\Udacity_VM\share\pictures\image_1506550216250415086.jpg,red
C:\Users\kauls\Documents\Self-Driving-Car\Udacity_VM\share\pictures\image_1506550216840610980.jpg,red
C:\Users\kauls\Documents\Self-Driving-Car\Udacity_VM\share\pictures\image_1506550216924958944.jpg,red
C:\Users\kauls\Documents\Self-Driving-Car\Udacity_VM\share\pictures\image_1506550216987792968.jpg,red
C:\Users\kauls\Documents\Self-Driving-Car\Udacity_VM\share\pictures\image_1506550217061990976.jpg,red
C:\Users\kauls\Documents\Self-Driving-Car\Udacity_VM\share\pictures\image_1506550217119906902.jpg,red
C:\Users\kauls\Documents\Self-Driving-Car\Udacity_VM\share\pictures\image_1506550217174561023.jpg,red
C:\Users\kauls\Documents\Self-Driving-Car\Udacity_VM\share\pictures\image_1506550217256639003.jpg,red
C:\Users\kauls\Documents\Self-Driving-Car\Udacity_VM\share\pictures\image_1506550217324335098.jpg,red
C:\Users\kauls\Documents\Self-Driving-Car\Udacity_VM\share\pictures\image_1506550217390925884.jpg,red
C:\Users\kauls\Documents\Self-Driving-Car\Udacity_VM\share\pictures\image_1506550217460345029.jpg,green
C:\Users\kauls\Documents\Self-Driving-Car\Udacity_VM\share\pictures\image_1506550217519228935.jpg,green
C:\Users\kauls\Documents\Self-Driving-Car\Udacity_VM\share\pictures\image_1506550217596709012.jpg,green
C:\Users\kauls\Documents\Self-Driving-Car\Udacity_VM\share\pictures\image_1506550217661377906.jpg,green
C:\Users\kauls\Documents\Self-Driving-Car\Udacity_VM\share\pictures\image_1506550217735253095.jpg,green
C:\Users\kauls\Documents\Self-Driving-Car\Udacity_VM\share\pictures\image_1506550217812047958.jpg,green
C:\Users\kauls\Documents\Self-Driving-Car\Udacity_VM\share\pictures\image_1506550217873548030.jpg,green
C:\Users\kauls\Documents\Self-Driving-Car\Udacity_VM\share\pictures\image_1506550217934456110.jpg,green
C:\Users\kauls\Documents\Self-Driving-Car\Udacity_VM\share\pictures\image_1506550218006656885.jpg,green
C:\Users\kauls\Documents\Self-Driving-Car\Udacity_VM\share\pictures\image_1506550218070775985.jpg,green
C:\Users\kauls\Documents\Self-Driving-Car\Udacity_VM\share\pictures\image_1506550218136110067.jpg,green
C:\Users\kauls\Documents\Self-Driving-Car\Udacity_VM\share\pictures\image_1506550218206543922.jpg,green
C:\Users\kauls\Documents\Self-Driving-Car\Udacity_VM\share\pictures\image_1506550218265477895.jpg,green
C:\Users\kauls\Documents\Self-Driving-Car\Udacity_VM\share\pictures\image_1506550218334682941.jpg,green
C:\Users\kauls\Documents\Self-Driving-Car\Udacity_VM\share\pictures\image_1506550218405261039.jpg,green
C:\Users\kauls\Documents\Self-Driving-Car\Udacity_VM\share\pictures\image_1506550218461925983.jpg,green
C:\Users\kauls\Documents\Self-Driving-Car\Udacity_VM\share\pictures\image_1506550218527446031.jpg,green
C:\Users\kauls\Documents\Self-Driving-Car\Udacity_VM\share\pictures\image_1506550218608491897.jpg,green
C:\Users\kauls\Documents\Self-Driving-Car\Udacity_VM\share\pictures\image_1506550218684252023.jpg,green
C:\Users\kauls\Documents\Self-Driving-Car\Udacity_VM\share\pictures\image_1506550218767291069.jpg,green
C:\Users\kauls\Documents\Self-Driving-Car\Udacity_VM\share\pictures\image_1506550218824374914.jpg,green
C:\Users\kauls\Documents\Self-Driving-Car\Udacity_VM\share\pictures\image_1506550218882147073.jpg,green
C:\Users\kauls\Documents\Self-Driving-Car\Udacity_VM\share\pictures\image_1506550218947851896.jpg,green
C:\Users\kauls\Documents\Self-Driving-Car\Udacity_VM\share\pictures\image_1506550219028037071.jpg,green
C:\Users\kauls\Documents\Self-Driving-Car\Udacity_VM\share\pictures\image_1506550219099678993.jpg,green
C:\Users\kauls\Documents\Self-Driving-Car\Udacity_VM\share\pictures\image_1506550219178425073.jpg,green
C:\Users\kauls\Documents\Self-Driving-Car\Udacity_VM\share\pictures\image_1506550219260617017.jpg,green
C:\Users\kauls\Documents\Self-Driving-Car\Udacity_VM\share\pictures\image_1506550219338989019.jpg,green
C:\Users\kauls\Documents\Self-Driving-Car\Udacity_VM\share\pictures\image_1506550219393552064.jpg,green
C:\Users\kauls\Documents\Self-Driving-Car\Udacity_VM\share\pictures\image_1506550219460128068.jpg,green
C:\Users\kauls\Documents\Self-Driving-Car\Udacity_VM\share\pictures\image_1506550219530627012.jpg,green
C:\Users\kauls\Documents\Self-Driving-Car\Udacity_VM\share\pictures\image_1506550219591164112.jpg,green
C:\Users\kauls\Documents\Self-Driving-Car\Udacity_VM\share\pictures\image_1506550219694740056.jpg,green
C:\Users\kauls\Documents\Self-Driving-Car\Udacity_VM\share\pictures\image_1506550219768579959.jpg,green
C:\Users\kauls\Documents\Self-Driving-Car\Udacity_VM\share\pictures\image_1506550219842833042.jpg,green
C:\Users\kauls\Documents\Self-Driving-Car\Udacity_VM\share\pictures\image_1506550219916623115.jpg,green
C:\Users\kauls\Documents\Self-Driving-Car\Udacity_VM\share\pictures\image_1506550238320523023.jpg,green
C:\Users\kauls\Documents\Self-Driving-Car\Udacity_VM\share\pictures\image_1506550238383765935.jpg,green
C:\Users\kauls\Documents\Self-Driving-Car\Udacity_VM\share\pictures\image_1506550238446795940.jpg,green
C:\Users\kauls\Documents\Self-Driving-Car\Udacity_VM\share\pictures\image_1506550238539802074.jpg,green
C:\Users\kauls\Documents\Self-Driving-Car\Udacity_VM\share\pictures\image_1506550238600130081.jpg,green
C:\Users\kauls\Documents\Self-Driving-Car\Udacity_VM\share\pictures\image_1506550238684210062.jpg,green
C:\Users\kauls\Documents\Self-Driving-Car\Udacity_VM\share\pictures\image_1506550238749810934.jpg,green
C:\Users\kauls\Documents\Self-Driving-Car\Udacity_VM\share\pictures\image_1506550238801039934.jpg,green
C:\Users\kauls\Documents\Self-Driving-Car\Udacity_VM\share\pictures\image_1506550238886915922.jpg,green
C:\Users\kauls\Documents\Self-Driving-Car\Udacity_VM\share\pictures\image_1506550238955446958.jpg,green
C:\Users\kauls\Documents\Self-Driving-Car\Udacity_VM\share\pictures\image_1506550239031153917.jpg,green
C:\Users\kauls\Documents\Self-Driving-Car\Udacity_VM\share\pictures\image_1506550239121608972.jpg,green
C:\Users\kauls\Documents\Self-Driving-Car\Udacity_VM\share\pictures\image_1506550239201680898.jpg,green
C:\Users\kauls\Documents\Self-Driving-Car\Udacity_VM\share\pictures\image_1506550239267278909.jpg,green
C:\Users\kauls\Documents\Self-Driving-Car\Udacity_VM\share\pictures\image_1506550239333077907.jpg,green
C:\Users\kauls\Documents\Self-Driving-Car\Udacity_VM\share\pictures\image_1506550239399132966.jpg,green
C:\Users\kauls\Documents\Self-Driving-Car\Udacity_VM\share\pictures\image_1506550239474823951.jpg,green
C:\Users\kauls\Documents\Self-Driving-Car\Udacity_VM\share\pictures\image_1506550239542650938.jpg,green
C:\Users\kauls\Documents\Self-Driving-Car\Udacity_VM\share\pictures\image_1506550239626955032.jpg,green
C:\Users\kauls\Documents\Self-Driving-Car\Udacity_VM\share\pictures\image_1506550239689831018.jpg,green
C:\Users\kauls\Documents\Self-Driving-Car\Udacity_VM\share\pictures\image_1506550239747798919.jpg,green
C:\Users\kauls\Documents\Self-Driving-Car\Udacity_VM\share\pictures\image_1506550239813162088.jpg,green
C:\Users\kauls\Documents\Self-Driving-Car\Udacity_VM\share\pictures\image_1506550239889355897.jpg,green
C:\Users\kauls\Documents\Self-Driving-Car\Udacity_VM\share\pictures\image_1506550239956640958.jpg,green
C:\Users\kauls\Documents\Self-Driving-Car\Udacity_VM\share\pictures\image_1506550240011420965.jpg,green
C:\Users\kauls\Documents\Self-Driving-Car\Udacity_VM\share\pictures\image_1506550240097222089.jpg,green
C:\Users\kauls\Documents\Self-Driving-Car\Udacity_VM\share\pictures\image_1506550240153460025.jpg,green
C:\Users\kauls\Documents\Self-Driving-Car\Udacity_VM\share\pictures\image_1506550240241775989.jpg,green
C:\Users\kauls\Documents\Self-Driving-Car\Udacity_VM\share\pictures\image_1506550240308759927.jpg,green
C:\Users\kauls\Documents\Self-Driving-Car\Udacity_VM\share\pictures\image_1506550240383950948.jpg,green
C:\Users\kauls\Documents\Self-Driving-Car\Udacity_VM\share\pictures\image_1506550240457202911.jpg,green
C:\Users\kauls\Documents\Self-Driving-Car\Udacity_VM\share\pictures\image_1506550240530373096.jpg,green
C:\Users\kauls\Documents\Self-Driving-Car\Udacity_VM\share\pictures\image_1506550240585891962.jpg,green
C:\Users\kauls\Documents\Self-Driving-Car\Udacity_VM\share\pictures\image_1506550240653460025.jpg,green
C:\Users\kauls\Documents\Self-Driving-Car\Udacity_VM\share\pictures\image_1506550240725564956.jpg,green
C:\Users\kauls\Documents\Self-Driving-Car\Udacity_VM\share\pictures\image_1506550240786806106.jpg,green
C:\Users\kauls\Documents\Self-Driving-Car\Udacity_VM\share\pictures\image_1506550240854779958.jpg,green
C:\Users\kauls\Documents\Self-Driving-Car\Udacity_VM\share\pictures\image_1506550240920388936.jpg,green
C:\Users\kauls\Documents\Self-Driving-Car\Udacity_VM\share\pictures\image_1506550240984822988.jpg,green
C:\Users\kauls\Documents\Self-Driving-Car\Udacity_VM\share\pictures\image_1506550241053515911.jpg,green
C:\Users\kauls\Documents\Self-Driving-Car\Udacity_VM\share\pictures\image_1506550241118045091.jpg,green
C:\Users\kauls\Documents\Self-Driving-Car\Udacity_VM\share\pictures\image_1506550241200117111.jpg,green
C:\Users\kauls\Documents\Self-Driving-Car\Udacity_VM\share\pictures\image_1506550241267652034.jpg,green
C:\Users\kauls\Documents\Self-Driving-Car\Udacity_VM\share\pictures\image_1506550241334503889.jpg,green
C:\Users\kauls\Documents\Self-Driving-Car\Udacity_VM\share\pictures\image_1506550241401635885.jpg,green
C:\Users\kauls\Documents\Self-Driving-Car\Udacity_VM\share\pictures\image_1506550241468705892.jpg,green
C:\Users\kauls\Documents\Self-Driving-Car\Udacity_VM\share\pictures\image_1506550241534421920.jpg,green
C:\Users\kauls\Documents\Self-Driving-Car\Udacity_VM\share\pictures\image_1506550241597098112.jpg,green
C:\Users\kauls\Documents\Self-Driving-Car\Udacity_VM\share\pictures\image_1506550241684699058.jpg,green
C:\Users\kauls\Documents\Self-Driving-Car\Udacity_VM\share\pictures\image_1506550241751123905.jpg,green
C:\Users\kauls\Documents\Self-Driving-Car\Udacity_VM\share\pictures\image_1506550241814913034.jpg,green
C:\Users\kauls\Documents\Self-Driving-Car\Udacity_VM\share\pictures\image_1506550241890100955.jpg,green
C:\Users\kauls\Documents\Self-Driving-Car\Udacity_VM\share\pictures\image_1506550241950651884.jpg,green
C:\Users\kauls\Documents\Self-Driving-Car\Udacity_VM\share\pictures\image_1506550242022311925.jpg,green
C:\Users\kauls\Documents\Self-Driving-Car\Udacity_VM\share\pictures\image_1506550242094201087.jpg,green
C:\Users\kauls\Documents\Self-Driving-Car\Udacity_VM\share\pictures\image_1506550242138900995.jpg,green
C:\Users\kauls\Documents\Self-Driving-Car\Udacity_VM\share\pictures\image_1506550242233957052.jpg,green
C:\Users\kauls\Documents\Self-Driving-Car\Udacity_VM\share\pictures\image_1506550242308424949.jpg,green
C:\Users\kauls\Documents\Self-Driving-Car\Udacity_VM\share\pictures\image_1506550242384011983.jpg,green
C:\Users\kauls\Documents\Self-Driving-Car\Udacity_VM\share\pictures\image_1506550242454912900.jpg,green
C:\Users\kauls\Documents\Self-Driving-Car\Udacity_VM\share\pictures\image_1506550242546363115.jpg,green
C:\Users\kauls\Documents\Self-Driving-Car\Udacity_VM\share\pictures\image_1506550242653515100.jpg,green
C:\Users\kauls\Documents\Self-Driving-Car\Udacity_VM\share\pictures\image_1506550242745862960.jpg,green
C:\Users\kauls\Documents\Self-Driving-Car\Udacity_VM\share\pictures\image_1506550242817481994.jpg,green
C:\Users\kauls\Documents\Self-Driving-Car\Udacity_VM\share\pictures\image_1506550242873219013.jpg,green
C:\Users\kauls\Documents\Self-Driving-Car\Udacity_VM\share\pictures\image_1506550242935131072.jpg,green
C:\Users\kauls\Documents\Self-Driving-Car\Udacity_VM\share\pictures\image_1506550243002712965.jpg,green
